Email,SupportWorkerID
alice.green@care.com,5001
bob.black@support.com,5002
carol.brown@support.com,5003
david.blue@support.com,5004
eve.green@care.com,5005
frank.white@support.com,5006
grace.black@care.com,5007
henry.grey@support.com,5008
ivy.brown@support.com,5009
jack.orange@support.com,5010
