ContactNo,SupportWorkerID
123-456-7890,5001
987-654-3210,5002
654-321-9870,5003
321-654-9870,5004
852-456-1230,5005
753-951-2580,5006
159-357-4860,5007
654-753-2580,5008
357-159-7530,5009
951-357-2580,5010
