SupportWorkerID,FirstName,LastName,DOB,Gender,NPC,ContactNo,Email,Experience,SupportWorkerType
5001,Alice,Green,1988-05-10,Female,NPC123,123-456-7890,alice.green@care.com,5 years,In-Home
5002,Bob,Black,1983-09-22,Male,NPC456,987-654-3210,bob.black@support.com,7 years,Community Access
5003,Carol,Brown,1990-03-19,Female,NPC789,654-321-9870,carol.brown@support.com,4 years,Mental Health
5004,David,Blue,1992-11-03,Male,NPC101,321-654-9870,david.blue@support.com,6 years,Physical Therapy
5005,Eve,Green,1987-06-25,Female,NPC102,852-456-1230,eve.green@care.com,10 years,Cognitive
5006,Frank,White,1985-04-12,Male,NPC103,753-951-2580,frank.white@support.com,9 years,Rehabilitation
5007,Grace,Black,1994-12-18,Female,NPC104,159-357-4860,grace.black@care.com,3 years,In-Home
5008,Henry,Grey,1989-07-27,Male,NPC105,654-753-2580,henry.grey@support.com,8 years,Community Access
5009,Ivy,Brown,1986-02-15,Female,NPC106,357-159-7530,ivy.brown@support.com,12 years,Personal
5010,Jack,Orange,1993-09-05,Male,NPC107,951-357-2580,jack.orange@support.com,7 years,Mental Health
